{"scoring":"\\begin{itemize}\r\n\\item $N \\le 1000$ --- $60$ баллов\r\n\\item $N \\le 10^{5}$ --- $100$ баллов\r\n\\end{itemize}","notes":"","legend":"Председатель колхоза одного из регионов Байтвиля не дремлет: только и думает, как наладить беспрерывные поставки отменного картофеля по всей стране. Для этого ему приходится очень много думать о том, как ухаживать за грядками, а также как оптимально развозить картофель по стране. Например, одной задачей, которую ему пришлось решить, была задача о равномерном распределении государственного чернозёма по грядкам.\r\n\r\nНа колхозном поле существует $N$ пронумерованных грядок. Для колхоза президентом Байтвиля за заслуги перед Родиной было выделено некоторое количество чернозёма. Однако растяпы--работники, которые привезли его, накидали почву по грядкам неравномерно, а именно: на грядке $i$ оказалось $A_i$ тонн чернозёма. Председателю в минимальные сроки пришлось сделать так, чтобы каждая грядка содержала \\textit{ровно} $B_i$ тонн почвы.\r\n\r\nПредседатель мог давать такие команды своим рабочим:\r\n\\begin{itemize}\r\n\\item За $X$ минут рабочие закупят и привезут одну дополнительную тонну чернозёма на любую грядку.\r\n\\item За $Y$ минут рабочие заберут одну тонну чернозёма с грядки и увезут её куда подальше.\r\n\\item За $Z \\cdot \\mid i-j \\mid$ минут рабочие перевезут одну тонну чернозёма с грядки $i$ на грядку $j$.\r\n\\end{itemize}\r\n\r\nПредседатель гордится тем, что когда--то выполнил столь трудное задание. Попробуйте справиться и вы!","authorLogin":"ajreme","language":"russian","timeLimit":1000,"output":"В единственной строке выходного файла должно содержаться единственное число --- минимальное время, за которое председатель может успеть управиться с работой.","inputFile":"stdin","outputFile":"stdout","input":"В первой строке входного файла содержится четыре целых числа $N$, $X$, $Y$, $Z$ ($3 \\le N \\le 10^{5}$; $0 \\le X,Y \\le 10^{8}$; $0 \\le Z \\le 1000$) --- число грядок и времена, описанные в условии, соответственно.\r\n\r\nВ следующих $N$ строках содержатся пары чисел $A_i$ и $B_i$ ($0 \\le A_i,B_i \\le 10$) --- текущее число тонн чернозёма на грядке и то число тонн чернозёма, которое нужно получить.","authorName":"Alexander Stanovoy","sampleTests":[{"output":"210\r\n","input":"4 100 200 1\r\n1 4\r\n2 3\r\n3 2\r\n4 0\r\n","inputFile":"example.01","outputFile":"example.01.a"}],"name":"Картофельный кризис","interaction":null,"memoryLimit":134217728,"tutorial":""}