{"scoring":"\\begin{itemize}\r\n\t\\item $N \\le 10^4$~--- 30 баллов.\r\n\t\\item $N \\le 10^7$~--- 50 баллов.\r\n\t\\item $N \\le 10^9$~--- 70 баллов.\r\n\t\\item $N \\le 10^{12}$~--- 100 баллов.\r\n\\end{itemize}","notes":"","legend":"Байтландская Организация по Исследованиям (БОИ) разрабатывает новый алгоритм шифрования\r\nпод кодовым названием 'Абсолют'. Эта, на первый взгляд, простейшая система шифрования должна\r\nбыть нерушимой защитой для всех пользователей Байтландии.\r\n\r\nДля вычисления значения шифра для некоторой последовательности байтов используется\r\nследующий алгоритм:\r\n\\begin{itemize}\r\n    \\item Значения байтов в последовательности суммируются между собой. Это значение принимают равным $N$.\r\n    \\item Для каждого числа из промежутка $[1, N]$ считается сумма квадратов их делителей.\r\n    \\item Полученные значения суммируются по модулю $10^9 + 7$ и называются ключем.\r\n    \\item С помощью секретного алгоритма производится финальное шифрование.\r\n\\end{itemize}\r\n\r\nУ исследователей возникли проблемы. Рассчитать число $N$ для последовательности не составило труда, а подсчитать значение ключа, требуемого для финализации шифра, оказалось трудно.\r\nПрезидент Берляндии поручил вам помочь исследователям в решении их задачи.","authorLogin":"ajreme","language":"russian","timeLimit":1000,"output":"Единственная строка выходного файла должна содержать одно целое положительно число, взятое по модулю $10^9 + 7$~--- ответ на задачу.","inputFile":"stdin","outputFile":"stdout","input":"Первая строка и единственная строка входного файла содержит целое число $N$ ($1 \\le N \\le 10^{12}$).","authorName":"Alexander Stanovoy","sampleTests":[{"output":"1","input":"1\r\n","inputFile":"example.01","outputFile":"example.01.a"},{"output":"113","input":"6\r\n","inputFile":"example.02","outputFile":"example.02.a"},{"output":"407819","input":"100\r\n","inputFile":"example.03","outputFile":"example.03.a"}],"name":"Абсолют","interaction":null,"memoryLimit":268435456,"tutorial":""}