{"scoring":"\\begin{itemize}\r\n\t\\item $N \\le 10^7$, $K \\le 42$~--- 60 баллов,\r\n\t\\item $N \\le 10^{18}$, $K \\le 42$~--- 90 баллов,\r\n\t\\item $N \\le 10^{18}$, $K \\le 10^{18}$~--- 100 баллов.\r\n\\end{itemize}","notes":"В первом примере единственное такое число~--- $7$.","legend":"Ни для кого не секрет, что школьники Байтландии обожают математику. Апполинария~--- отличница школы №$2019$, а математика~--- её любимый предмет!\r\n\r\nНа последнем занятий Тринидад Итобагович ввел понятие цепочности числа. Цепочность числа $N$~--- это такое минимальное целое положительное значение $S$, что $S + 1$ делит число $N + S$ с остатком.\r\nНапример, для числа $13$:\r\n\\begin{itemize}\r\n\t\\item $S = 1$: $14$ делится на $2$,\r\n\t\\item $S = 2$: $15$ делится на $3$,\r\n\t\\item $S = 3$: $16$ делится на $4$,\r\n\t\\item $S = 4$: $17$ \\textbf{не} делится на $5$.\r\n\\end{itemize}\r\n\r\nТогда цепочность числа $13$ равна $4$.\r\n\r\nТаким же образом получим, что цепочность числа $120$ равна $1$, ведь $121$ не делится на $2$.\r\n\r\nТринидад Итобагович пристально следит за успехами своих учеников. Апполинария, как отличница, сразу получила на дом задание повышенной трудности: найти количество таких чисел, не больших $N$, что их цепочность равна в точности $K$. Помогите Апполинарии решить домашнее задание.","authorLogin":"ajreme","language":"russian","timeLimit":1000,"output":"Единственная строка выходного файла должна содержать ответ на задачу~--- количество чисел, не больших $N$ таких, что их цепочность равна $k$.","inputFile":"stdin","outputFile":"stdout","input":"Первая строка входного файла содержит два целых числа $n$ и $k$ ($1 \\le n \\le 10^{18}$, $1 \\le k \\le 10^{18}$)~--- интервал и то, чему должна равняться цепочность соответственно. Числа в строке разделены пробелом.","authorName":"Alexander Stanovoy","sampleTests":[{"output":"1\r\n","input":"14 3\r\n","inputFile":"example.01","outputFile":"example.01.a"},{"output":"14286\r\n","input":"1000000 6\r\n","inputFile":"example.02","outputFile":"example.02.a"}],"name":"Цепочность числа","interaction":null,"memoryLimit":268435456,"tutorial":""}