{"scoring":"\\begin{itemize}\r\n\\item $N \\le 29$ --- $20$ баллов\r\n\\item $N \\le 69$ --- $40$ баллов\r\n\\item $N \\le 499$ --- $60$ баллов\r\n\\item $N \\le 999$ --- $80$ баллов\r\n\\item $N \\le 1499$ --- $100$ баллов\r\n\\end{itemize}","notes":"В первом тестовом примере загаданная перестановка --- $1$ $2$ $3$ $4$ $5$.\r\n\r\nВо втором тестовом примере загаданная перестановка --- $3$ $1$ $2$.","legend":"Маленькие братья Вася и Петя временами придумывают игры. Давно им\r\nнаскучили крестики-нолики, пятнашки и уж тем более банальные прятки\r\nда догонялки. И вот, очередным февральским вечером, к ним подошел\r\nих папа. <<Нет, это никуда не годится. Давайте придумаем что-нибудь\r\nпотруднее>>.\r\n\r\nПапа загадал перестановку из $N$ ($N$ --- нечетное) элементов (напоминаем:\r\nперестановка --- это некоторый массив чисел от $1$ до $N$). Он разрешил ребятам\r\nспрашивать для различных трех индексов этой перестановки, какой элемент\r\nявляется его медианой. Например, для перестановки $1$ $4$ $2$ $3$ $5$ вопрос ребят\r\nпро индексы ($1$ $3$ $4$) даст в ответе $3$, т.к $1<2<3$. Аналогично для индексов\r\n($4$ $2$ $3$) ответом будет $4$, т.к $2<3<4$. Цель игры состоит в нахождении\r\nтакого индекса, что на нем стоит медианный, то есть $(N+1)/2$ по номеру элемент.\r\nНапример, для заданной выше перестановки ответ --- $4$.\r\n\r\n--- <<Сколько раз мы можем поинтересоваться, какой элемент --- медиана?>>\r\n\r\n--- <<Хм... Я люблю цифру семь. Давайте числом запросов будет четыре семёрки --- $7777$>>\r\n\r\n--- <<Но ведь это очень простая задача!>>\r\n\r\n--- <<Тогда обыграйте меня, дети!>>\r\n\r\n\\textbf{ВАЖНАЯ ИНФОРМАЦИЯ}:\r\nЭта задача немного необычна --- в ней вам предстоит реализовать интерактивное взаимодействие с тестирующей системой. Это означает, что вы можете делать запросы и получать ответы в online-режиме. Обратите внимание, что ввод/вывод в этой задаче --- стандартный (то есть с экрана на экран). После вывода очередного запроса обязательно используйте функции очистки потока, чтобы часть вашего вывода не осталась в каком-нибудь буфере. Например, на С++ надо использовать функцию \\texttt{fflush(stdout)}, на Pascal \\texttt{flush(output)} и \\t{stdout.flush()} для языка Python.\r\n\r\n\\begin{itemize}\r\n\\item Запрос вида <<$?$ $A$ $B$ $C$>> (без кавычек) покажет одно целое число --- индекс медианы среди трёх элементов, заданных этими индексами. Не забывайте: программа не может использовать более $7777$ запросов данного типа.\r\n\\item Запрос вида <<$!$ $ANS$>> (без кавычек) программа должна выводить после того, как угадала нужный индекс $ANS$. После этого запроса завершите работу программы.\r\n\\end{itemize}","authorLogin":"ajreme","language":"russian","timeLimit":1000,"output":"Для осуществления запросов программа должна использовать стандартный вывод.\r\n\r\nВаша программа должна выводить запросы указанных выше типов. После вывода каждой строки программа должна выполнить операцию \\texttt{flush}.\r\n\r\nВ случае, если ваша программа угадала число $ANS$, выведите строку вида <<$!$ $ANS$>> (без кавычек), где $ANS$ --- ответ, и завершите работу программы.","inputFile":"stdin","outputFile":"stdout","input":"Для чтения ответов на запросы программа должна использовать стандартный ввод.\r\n\r\nВ первой строке входных данных будет содержаться целое положительное число $N$ ($3 \\le N \\le 1499$) --- максимально возможное число, которое может быть загадано.\r\n\r\nПосле вы можете использовать не более $7777$ запросов первого типа.\r\n\r\nТестирующая система даст вашей программе прочитать ответ на запрос из входных данных только после того, как ваша программа вывела соответствующий запрос системе и выполнила операцию \\texttt{flush}.","authorName":"Alexander Stanovoy","sampleTests":[{"output":"? 1 2 3\r\n? 4 2 3\r\n? 3 3 3\r\n? 1 1 2\r\n? 4 3 4\r\n! 3\r\n","input":"5\r\n2\r\n3\r\n4\r\n1\r\n4\r\n","inputFile":"example.01","outputFile":"example.01.a"},{"output":"? 2 3 1\r\n! 3\r\n","input":"3\r\n3\r\n","inputFile":"example.02","outputFile":"example.02.a"}],"name":"Медиана перестановки","interaction":"","memoryLimit":134217728,"tutorial":""}