{"scoring":"\\begin{itemize}\r\n\\item $N \\le 10^{7}$ --- $20$ баллов\r\n\\item $N \\le 10^{10}$ --- $40$ баллов\r\n\\item $N \\le 10^{14}$ --- $60$ баллов\r\n\\item $N \\le 10^{18}$ --- $80$ баллов\r\n\\item $N \\le 10^{24}$ --- $100$ баллов\r\n\\end{itemize}","notes":"В первом примере --- это кубики с номерами $1$ и $64$.","legend":"Сегодня у мальчика Бита юбилей --- $5$ лет! Конечно, Бит не мог не попросить у родителей очередную игрушку на день рождения --- линейка Рубика.\r\n\r\nЛинейка Рубика --- это простая игрушка, состоящая из $N$ шестиугольничков, сцепленных между собой. Каждый шестиугольничек имеет в качестве допустимых значений цифры от $0$ до $5$, по умолчанию все значения равны единице. Соответственно, если повернуть шестиугольничек, то его значение изменится на единицу большее, а в случае числа $5$ --- станет равным $0$.\r\n\r\nБит повернул сначала каждый второй шестиугольник (соответственно $2$, $4$, $6$...). Затем он повернул каждый третий шестиугольник (соответственно $3$, $6$, $9$...). Далее --- каждый четвертый. Он продолжал так до тех пор, пока не повернул каждый $N$-й шестиугольник, тем самым повернув только шестиугольник с номером $N$.\r\n\r\nБиту стало интересно: сколько шестиугольничков сейчас показывают цифру $1$?","authorLogin":"ajreme","language":"russian","timeLimit":1000,"output":"Единственная строка выходного файла должна содержать одно целое число --- количество шестиугольничков, показывающих $1$.","inputFile":"stdin","outputFile":"stdout","input":"Единственная строка входного файла содержит одно число $N$ $(1 \\le N \\le 10^{24})$ --- число шестиугольничков в линейке Рубика.","authorName":"Alexander Stanovoy","sampleTests":[{"output":"2","input":"100\r\n","inputFile":"example.01","outputFile":"example.01.a"},{"output":"69","input":"100000000\r\n","inputFile":"example.02","outputFile":"example.02.a"}],"name":"Бит и Линейка Рубика","interaction":null,"memoryLimit":134217728,"tutorial":""}