{"scoring":"Если выходной файл не соответствует указанному формату выходных данных, то Вы получите $0$ баллов за тест.\r\n\r\nЕсли ваше решение совершает недопустимое действие (например, двигает пустую клетку вправо, когда она у правой грани), то Вы получите $0$ баллов за тест.\r\n\r\n\r\nВ противном случае, Ваш балл за тест будет равен $5*(\\frac{M_{w}-M_{y}}{M_{w}}+\\frac{k_{b}}{k_{y}})$, где:\r\n\\begin{itemize}\r\n\\item $M$ ~--- сумма манхэттенских расстояний до нужных позиций чисел, а именно: если число $1$ стоит на клетке $(2,3)$, то расстояние для него ~--- $3$. Просуммировав для всех чисел, кроме пустой клетки, получим искомое число.\r\n\\item $M_{w}$ ~--- наибольшее значение суммы манхэттенских расстояний для этого поля.\r\n\\item $M_{y}$ ~--- Ваше значение суммы манхэттенских расстояний для поля.\r\n\\item $k_{b}$ ~--- лучшее $K$ среди участников.\r\n\\item $k_{y}$ ~--- Ваше значение $K$.\r\n\\end{itemize}","notes":"В игре Пятнашки цель ~--- это привести поле к одному из таких видов, в зависимости от размерности поля:\r\n\\begin{verbatim}\r\n                 1 2        1 2 3        1  2  3  4         1  2  3  4  5\r\n                 3 0        4 5 6        5  6  7  8         6  7  8  9  10\r\n                            7 8 0        9  10 11 12        11 12 13 14 15\r\n                                         13 14 15 0         16 17 18 19 20\r\n                                                            21 22 23 24 0\r\n\\end{verbatim}\r\nВ нуле отсутствует блок, за счёт чего можно сдвинуть на его место один из блоков, соседних с пустой клеточкой. Не забывайте: в рамках этой задачи мы считаем, что двигаем именно пустую клеточку!","legend":"Обычный белорусский олимпиадник Гриша направлялся со своей командой в общежитие перед серьезным событием ~--- республиканской олимпиадой по информатике.\r\n\r\nВ этом году на заключительный этап прошло вновь еще немного больше людей, чем в прошлый ~--- всего-то на $2348$ человек больше! Однако жюри не понравился такой порядок вещей, и было решено, что интеллект современных олимпиадников нужно проверять уже на входе в их временную обитель.\r\n\r\nПосыл жюри был прост: на единственном входе в общежитие, в котором дверь ещё открывалась, был установлен кодовый замок следующего рода:\r\n\r\n\r\n\\begin{verbatim}\r\n                                        15 14 8 12\r\n                                        10 11 9 13\r\n                                        2  6  5 0\r\n                                        1  3  7 4\r\n\\end{verbatim}\r\n\r\n\r\nДо него дошло сразу: это игра Пятнашки! Ну конечно же: какой олимпиадник не умеет решать Пятнашки!? Но ведь не все так просто, верно? Очевидно, чем меньшее число ходов понадобится, тем лучше. Для Гриши эта задача проста, но на всякий случай он позвонил лучшим олимпиадникам и спросил у них решения $10$ различных полей для Пятнашек, которые последовательно появляются на замке. Конечно, для каждого поля он возьмет лучший результат для сравнения со своим. Сможете ли Вы помочь Грише не замерзнуть на улице?\r\n\r\n\r\n\\begin{verbatim}\r\n                             _._._                       _._._\r\n                            _|   |_                     _|   |_\r\n                            | ... |_._._._._._._._._._._| ... |\r\n                            | ||| |  o SOLVE OR AWAY o  | ||| |\r\n                            | \"\"\" |  \"\"\"    \"\"\"    \"\"\"  | \"\"\" |\r\n                       ())  |[-|-]| [-|-]  [-|-]  [-|-] |[-|-]|  ())\r\n                      (())) |     |---------------------|     | (()))\r\n                     (())())| \"\"\" |  \"\"\"    \"\"\"    \"\"\"  | \"\"\" |(())())\r\n                     (()))()|[-|-]|  :::   .-\"-.   :::  |[-|-]|(()))()\r\n                     ()))(()|     | |~|~|  |_|_|  |~|~| |     |()))(()\r\n                        ||  |_____|_|_|_|__|_|_|__|_|_|_|_____|  ||\r\n                     ~ ~^^ @@@@@@@@@@@@@@/=======\\@@@@@@@@@@@@@@ ^^~ ~\r\n                         ^~^~                                ~^~^\r\n\\end{verbatim}","authorLogin":"ajreme","language":"russian","timeLimit":1000,"output":"На проверку необходимо сдать выходные файлы с названием \\texttt{output1.txt}, \\texttt{output2.txt}, ... , \\texttt{output10.txt}, где выходной файл \\texttt{outputX.txt} должен соответствовать входному файлу \\texttt{inputX.txt}.\r\n\r\nВ первой строке выведите число $k$ ~--- сколько действий совершает Ваше решение.\r\n\r\nВо второй строке выведите строку из $k$ символов.\r\n\\begin{itemize}\r\n\\item Символ \\textbf{U} означает, что вы сдвинули \\textit{пустую клеточку вверх}.\r\n\\item Символ \\textbf{D} означает, что вы сдвинули \\textit{пустую клеточку вниз}.\r\n\\item Символ \\textbf{L} означает, что вы сдвинули \\textit{пустую клеточку влево}.\r\n\\item Символ \\textbf{R} означает, что вы сдвинули \\textit{пустую клеточку вправо}.\r\n\\end{itemize}","inputFile":"stdin","outputFile":"stdout","input":"Входные данные находятся в файлах \\texttt{input1.txt}, \\texttt{input2.txt}, ... , \\texttt{input10.txt}. Каждый файл соответствует описанию одного поля.\r\n\r\nПервая строка входного файла содержит целое число $n$ ~--- размеры поля.\r\n\r\nДалее следует описание поля, состоящее из $n$ строк по $n$ чисел в каждой. $j$-й символ в $i$-й строке описывает квадрат с координатами $(i,j)$.","authorName":"Alexander Stanovoy","sampleTests":[{"output":"22\r\nRDLDRRULLDRUURDDLLURRD\r\n","input":"3\r\n0 1 2\r\n3 4 5\r\n6 7 8","inputFile":"example.01","outputFile":"example.01.a"},{"output":"8\r\nRDRULDDR\r\n","input":"3\r\n0 1 6\r\n4 3 2\r\n7 5 8\r\n","inputFile":"example.02","outputFile":"example.02.a"}],"name":"Пятнашки","interaction":null,"memoryLimit":268435456,"tutorial":""}