{"scoring":"\\begin{itemize}\r\n\t\\item каждая карточка используется по разу, $1 \\le N = K \\le 10$~--- 20 баллов.\r\n\t\\item $K \\le 1000$~--- 40 баллов.\r\n\t\\item $K \\le 5000$~--- 60 баллов.\r\n\t\\item без ограничений~--- 100 баллов.\r\n\\end{itemize}","notes":"","legend":"Мисье Антонио страстно любит путешествовать между аэропортами некоторых стран. Конкретнее,\r\nнаш новый знакомый посещает аэропорты трех стран: Байторибо, Байтобаджо и Байтвиль.\r\n\r\nМисье Антонио~--- счастливый обладатель $N$ дисконтных карт различных авиакомпаний. Каждая из них дает ему шанс пролететь со скидкой $99.9$\\% процентов на рейсе. У него запланировано $K$ рейсов, на каждый из которых ему нужна какая-то из его карточек.\r\n\r\nИногда он вынужден долго искать в кошельке нужную карточку. Это отнимает его драгоценное\r\nвремя и сбивает жизнь с привычного ритма.\r\n\r\nКарточки в кошельке мисье Антонио хранятся одной стопкой. Он хочет, чтобы каждый раз, когда у него возникает необходимость воспользоваться картой, наверху стопки оказывалась именно та, которая ему нужна. При этом для него не проблема после использования карты убрать её в\r\nопределённое место стопки.\r\n\r\nЗная, в каком порядке будут использоваться карты, несложно складывать их так, чтобы сверху\r\nвсегда оказывалась нужная. Мисье Антонио мог бы решить эту задачу, но ему не хочется. Так что займитесь-ка этим сами.","authorLogin":"ajreme","language":"russian","timeLimit":1000,"output":"Выведите $K+1$ строку.\r\n\r\nВ первой строке должны находиться записанные через пробел $N$ чисел от $1$ до $N$~--- порядок, в котором карты требуется расположить изначально, от самой верхней до самой нижней.\r\n\r\nВ $(i+1)$-й строке должно содержаться одно число~--- сколько карточек будет располагаться\r\nнад $A_i$-й сразу после её возвращения в кошелёк.\r\n\r\nЕсли существует несколько возможных решений, выведите любое.","inputFile":"stdin","outputFile":"stdout","input":"В первой строке входного файла записано два числа~--- $N$ и $K$ ($1 \\le N, K \\le 10^5$)~--- общее количество карточек у Антонио в кошельке и количество раз, которое Антонио использует свои карточки.\r\nКарточки пронумерованы целыми числами от $1$ до $N$.\r\n\r\nВторая строка содержит $N$ целых чисел $A_i$ ($1 \\le A_i \\le 10^9$), разделенных одиночными пробелами~--- номера карточек, перечисленные в порядке их использования.","authorName":"Alexander Stanovoy","sampleTests":[{"output":"3 1 2 \r\n2\r\n1\r\n0\r\n2\r\n2\r\n","input":"3 5\r\n3 1 2 2 1\r\n","inputFile":"example.01","outputFile":"example.01.a"},{"output":"1 2 3 4 5 \r\n4\r\n4\r\n4\r\n4\r\n4\r\n","input":"5 5\r\n1 2 3 4 5\r\n","inputFile":"example.02","outputFile":"example.02.a"}],"name":"Дисконтные карты","interaction":null,"memoryLimit":268435456,"tutorial":""}