<?xml version="1.0" encoding="utf-8" standalone="no"?>
<problem revision="4" short-name="landscape" url="https://polygon.codeforces.com/p8Hsgm9/ajreme/landscape">
    <names>
        <name language="russian" value="Картофельный кризис"/>
    </names>
    <statements>
        <statement charset="UTF-8" language="russian" mathjax="true" path="statements/russian/problem.tex" type="application/x-tex"/>
        <statement language="russian" path="statements/.pdf/russian/problem.pdf" type="application/pdf"/>
        <statement charset="UTF-8" language="russian" mathjax="true" path="statements/.html/russian/problem.html" type="text/html"/>
    </statements>
    <judging cpu-name="Intel(R) Core(TM) i3-8100 CPU @ 3.60GHz" cpu-speed="3600" input-file="" output-file="">
        <testset name="tests">
            <time-limit>1000</time-limit>
            <memory-limit>134217728</memory-limit>
            <test-count>21</test-count>
            <input-path-pattern>tests/%02d</input-path-pattern>
            <answer-path-pattern>tests/%02d.a</answer-path-pattern>
            <tests>
                <test method="manual" points="0.0" sample="true"/>
                <test method="manual" points="0.0"/>
                <test method="manual" points="0.0"/>
                <test method="manual" points="0.0"/>
                <test method="manual" points="0.0"/>
                <test method="manual" points="0.0"/>
                <test method="manual" points="0.0"/>
                <test method="manual" points="0.0"/>
                <test method="manual" points="0.0"/>
                <test method="manual" points="0.0"/>
                <test method="manual" points="0.0"/>
                <test method="manual" points="0.0"/>
                <test method="manual" points="0.0"/>
                <test method="manual" points="0.0"/>
                <test method="manual" points="0.0"/>
                <test method="manual" points="0.0"/>
                <test method="manual" points="0.0"/>
                <test method="manual" points="0.0"/>
                <test method="manual" points="0.0"/>
                <test method="manual" points="0.0"/>
                <test method="manual" points="0.0"/>
            </tests>
        </testset>
    </judging>
    <files>
        <resources>
            <file path="files/olymp.sty"/>
            <file path="files/problem.tex"/>
            <file path="files/statements.ftl"/>
            <file path="files/testlib.h" type="h.g++"/>
        </resources>
        <executables>
            <executable>
                <source path="files/validator.cpp" type="cpp.g++17"/>
                <binary path="files/validator.exe" type="exe.win32"/>
            </executable>
        </executables>
    </files>
    <assets>
        <checker name="std::hcmp.cpp" type="testlib">
            <source path="files/check.cpp" type="cpp.g++17"/>
            <binary path="check.exe" type="exe.win32"/>
            <copy path="check.cpp"/>
            <testset>
                <test-count>0</test-count>
                <input-path-pattern>files/tests/checker-tests/%02d</input-path-pattern>
                <output-path-pattern>files/tests/checker-tests/%02d.o</output-path-pattern>
                <answer-path-pattern>files/tests/checker-tests/%02d.a</answer-path-pattern>
                <tests/>
            </testset>
        </checker>
        <validators>
            <validator>
                <source path="files/validator.cpp" type="cpp.g++17"/>
                <binary path="files/validator.exe" type="exe.win32"/>
                <testset>
                    <test-count>0</test-count>
                    <input-path-pattern>files/tests/validator-tests/%02d</input-path-pattern>
                    <tests/>
                </testset>
            </validator>
        </validators>
        <solutions>
            <solution tag="rejected">
                <source path="solutions/ajreme-60.cpp" type="cpp.g++17"/>
                <binary path="solutions/ajreme-60.exe" type="exe.win32"/>
            </solution>
            <solution tag="main">
                <source path="solutions/ajreme-ok.cpp" type="cpp.g++17"/>
                <binary path="solutions/ajreme-ok.exe" type="exe.win32"/>
            </solution>
        </solutions>
    </assets>
    <properties>
        <property name="tests-wellformed" value="true"/>
    </properties>
    <stresses>
        <stress-count>0</stress-count>
        <stress-path-pattern>stresses/%03d</stress-path-pattern>
        <list/>
    </stresses>
</problem>
