{"scoring":"\\begin{itemize}\r\n\\item $N \\le 100$ --- $20$ баллов\r\n\\item $N \\le 1000$ --- $40$ баллов\r\n\\item $N \\le 10^{4}$ --- $60$ баллов\r\n\\item $N \\le 10^{6}$ --- $100$ баллов\r\n\\end{itemize}","notes":"В первом примере в любом квартале работает 1 уникальный человек.\r\n\r\nВо втором примере в кварталах такие значения продуктивности:\r\n\r\n$(1$ $1)$ --- $1$\r\n\r\n$(1$ $2)$ --- $2$\r\n\r\n$(1$ $3)$ --- $2$\r\n\r\n$(2$ $2)$ --- $1$\r\n\r\n$(2$ $3)$ --- $2$\r\n\r\n$(3$ $3)$ --- $1$","legend":"Знаменитая компания <<Gold \\& Silver Soft>>, занимающаяся разработкой приложений для крупных корпораций, на данный момент занимается невероятной программой, способной решать задачу коммивояжера за линейное время.\r\n\r\nСоздание подобного программного обеспечения --- задача не из лёгких, ведь каждый из $N$ сотрудников должен работать на пределе на протяжении всего дня. Для обеспечения своих сотрудников достаточным временем отдыха компания <<Gold \\& Silver Soft>> делает так, чтобы в любой день на программой работало не более одного сотрудника. Также, чтобы разработка закончилась как можно быстрее, компания ввела показатель продуктивности в квартале: он равен числу уникальных сотрудников, которые работают в данном квартале. Квартал --- это последовательность подряд идущих дней.\r\n\r\nК сожалению, сотрудники компании смогли придумать алгоритм линейного решения задачи коммивояжера, а вот найти сумму показателя продуктивности по всем кварталам --- крайне тяжелая для них задача. Помогите компании подсчитать этот показатель.","authorLogin":"ajreme","language":"russian","timeLimit":1000,"output":"Единственная строка выходного файла должна содержать одно целое число --- ответ на задачу.","inputFile":"stdin","outputFile":"stdout","input":"В первой и единственной строке входного файла содержится одно целое число $N$ $(1 \\le N \\le 10^{6})$ --- число дней, которые компания будет заниматься созданием программного обеспечения.\r\nВторая строка содержит N целых чисел $A_i$ $(1 \\le A_i \\le N)$, разделенных одиночными пробелами --- какой сотрудник работает в день $i$.\r\n","authorName":"Alexander Stanovoy","sampleTests":[{"output":"55\r\n","input":"10\r\n1 1 1 1 1 1 1 1 1 1\r\n","inputFile":"example.01","outputFile":"example.01.a"},{"output":"9\r\n","input":"3\r\n1 2 1\r\n","inputFile":"example.02","outputFile":"example.02.a"},{"output":"153\r\n","input":"9\r\n3 5 1 6 8 1 9 2 4\r\n","inputFile":"example.03","outputFile":"example.03.a"}],"name":"Коммивояжер","interaction":null,"memoryLimit":134217728,"tutorial":""}